<?xml version="1.0" encoding="UTF-8"?>

<pages> 
  <entity uri="cms.servicecase"> 
    <pageType type="listItems"> 
      <page> 
        <name>listItems[cms.servicecase]</name>  
        <title>服务案例-列表页面</title>  
        <style/>  
        <entityUri>cms.servicecase</entityUri>  
        <isDefault>true</isDefault>  
        <type>listItems</type>  
        <pageSize>8</pageSize>  
        <grantFilter/>  
        <orderFields> 
          <orderField> 
            <fieldUri>cms.servicecase.id</fieldUri>  
            <order>desc</order> 
          </orderField> 
        </orderFields>  
        <viewFields> 
          <viewField> 
            <fieldUri>cms.servicecase.pic</fieldUri> 
          </viewField>  
          <viewField> 
            <fieldUri>cms.servicecase.title</fieldUri> 
          </viewField>  
          <viewField> 
            <fieldUri>cms.servicecase.description</fieldUri> 
          </viewField> 
        </viewFields> 
      </page> 
    </pageType>  
    <pageType type="showItem"><page> <name>showItem[cms.servicecase]</name> <title>服务案例-显示页面</title> <style></style> <entityUri>cms.servicecase</entityUri> <isDefault>true</isDefault> <isDisplay>true</isDisplay> <type>showItem</type> <viewFields> <viewField> <fieldUri>cms.servicecase.id</fieldUri> </viewField> <viewField> <fieldUri>cms.servicecase.pic</fieldUri> </viewField> <viewField> <fieldUri>cms.servicecase.title</fieldUri> </viewField> <viewField> <fieldUri>cms.servicecase.description</fieldUri> </viewField> <viewField> <fieldUri>cms.servicecase.source</fieldUri> </viewField> <viewField> <fieldUri>cms.servicecase.userunit</fieldUri> </viewField> <viewField> <fieldUri>cms.servicecase.type</fieldUri> </viewField> <viewField> <fieldUri>cms.servicecase.serviceunit</fieldUri> </viewField> <viewField> <fieldUri>cms.servicecase.content</fieldUri> </viewField> <viewField> <fieldUri>cms.servicecase.usedatabase</fieldUri> </viewField> <viewField> <fieldUri>cms.servicecase.tools</fieldUri> </viewField> <viewField> <fieldUri>cms.servicecase.servicetime</fieldUri> </viewField> <viewField> <fieldUri>cms.servicecase.effect</fieldUri> </viewField> </viewFields> </page></pageType>
  </entity> 
</pages>
