<?xml version="1.0" encoding="gb2312" ?>
<!DOCTYPE beans PUBLIC "-//SPRING//DTD BEAN//EN" "http://www.springframework.org/dtd/spring-beans.dtd" >
<beans>
	<bean id="moduleManager" class="vdb.mydb.module.ModuleManager">
		<property name="modulesDir" value="./console" />
		<property name="webInfDir" value="./WEB-INF" />
		<property name="beansDir" value="./WEB-INF/conf/ioc" />
		<property name="toolsDir" value="./WEB-INF/conf/tools" />
		<property name="macrosDir" value="./WEB-INF/conf/macros" />
	</bean>

	<bean class="org.springframework.beans.factory.config.PropertyPlaceholderConfigurer">
		<property name="ignoreUnresolvablePlaceholders" value="true"/>
		<property name="locations">
			<list>
				<value>/WEB-INF/conf/vdb.properties</value>
			</list>
		</property>
	</bean>

	<bean id="domainRealRootPath" class="vdb.mydb.context.ServletContextRealPath">
		<property name="path" value="${domain.rootPath}"/>
	</bean>
	
</beans>